{
  "region_points": [
    [
      1613,
      493
    ],
    [
      846,
      793
    ],
    [
      753,
      529
    ],
    [
      1397,
      332
    ]
  ],
  "num_keys": 8,
  "is_calibrated": true,
  "homography": [
    [
      -1.1076421337140076e-19,
      1.6686423625487873e-19,
      -3.4756682001920487e-17
    ],
    [
      -5.821201808402499e-05,
      -0.0013906204320072652,
      0.779471858149114
    ],
    [
      -0.00013495919139364597,
      -0.0015868373717688625,
      1.0
    ]
  ]
}