{
  "region_points": [
    [
      113,
      637
    ],
    [
      1737,
      642
    ],
    [
      1680,
      524
    ],
    [
      158,
      513
    ]
  ],
  "num_keys": 8,
  "is_calibrated": true,
  "homography": [
    [
      0.0008558712134270175,
      0.00031059842422754717,
      -0.2945646433502003
    ],
    [
      -8.552523772269372e-05,
      0.011833582892176349,
      -6.057115036126282
    ],
    [
      -5.139738179857614e-05,
      0.0007488552880229618,
      1.0
    ]
  ]
}